order,reviewID
1,109
2,237
3,57
4,215
5,18
6,122
7,283
8,257
9,277
10,280
11,8
12,203
13,56
14,44
15,224
16,134
17,130
18,101
19,225
20,68
21,159
22,148
23,263
24,38
25,160
26,63
27,69
28,172
29,153
30,107
31,171
32,285
33,250
34,206
35,91
36,288
37,240
38,182
39,192
40,53
41,189
42,51
43,75
44,106
45,136
46,116
47,24
48,199
49,105
50,162
51,33
52,12
53,266
54,216
55,195
56,17
57,124
58,275
59,155
60,100
61,271
62,207
63,214
64,59
65,14
66,127
67,234
68,50
69,213
70,7
71,150
72,39
73,186
74,65
75,49
